model,item,id,cond,graph_id,rung,query_type,story_id,question_property,lexicon,gold,pred,correct,parsed,in_tok,out_tok,error,provider,finish,reason_tok,usd,answer_from,temperature,max_tokens
meta-llama/llama-3.3-70b-instruct,20,8239,RAW,IV,2,ate,price,hard,PERMUTE,yes,no,0,1,148,306,,Novita,stop,0,0.00014238,content,0.0,700
meta-llama/llama-3.3-70b-instruct,21,19806,RAW,IV,2,ate,tax_smoke_birthWeight,anticommonsense,PERMUTE,no,no,1,1,153,525,,Novita,stop,0,0.000230655,content,0.0,700
meta-llama/llama-3.3-70b-instruct,23,16818,RAW,IV,2,ate,cholesterol,anticommonsense,PERMUTE,no,yes,0,1,155,146,,Novita,stop,0,7.9325e-05,content,0.0,700
meta-llama/llama-3.3-70b-instruct,24,19796,RAW,IV,2,ate,tax_smoke_birthWeight,anticommonsense,PERMUTE,yes,no,0,1,151,388,,Novita,stop,0,0.000175585,content,0.0,700
meta-llama/llama-3.3-70b-instruct,26,6588,RAW,IV,2,ate,college_wage,hard,PERMUTE,yes,yes,1,1,157,295,,Novita,stop,0,0.000139195,content,0.0,700
meta-llama/llama-3.3-70b-instruct,29,1591,RAW,IV,2,ate,cholesterol,easy,PERMUTE,no,no,1,1,161,134,,Novita,stop,0,7.5335e-05,content,0.0,700
meta-llama/llama-3.3-70b-instruct,32,15108,RAW,IV,2,ate,water_cholera,anticommonsense,PERMUTE,no,no,1,1,155,254,,Novita,stop,0,0.000122525,content,0.0,700
meta-llama/llama-3.3-70b-instruct,33,18628,RAW,IV,2,ate,price,anticommonsense,PERMUTE,yes,no,0,1,148,343,,Novita,stop,0,0.00015718,content,0.0,700
meta-llama/llama-3.3-70b-instruct,34,17061,RAW,IV,2,ate,college_wage,anticommonsense,PERMUTE,yes,yes,1,1,148,224,,Novita,stop,0,0.00010958,content,0.0,700
meta-llama/llama-3.3-70b-instruct,35,15152,RAW,IV,2,ate,water_cholera,anticommonsense,PERMUTE,yes,no,0,1,153,232,,Novita,stop,0,0.000113455,content,0.0,700
meta-llama/llama-3.3-70b-instruct,37,3443,RAW,IV,2,ate,price,easy,PERMUTE,no,no,1,1,148,234,,Novita,stop,0,0.00011358,content,0.0,700
meta-llama/llama-3.3-70b-instruct,39,1668,RAW,IV,2,ate,cholesterol,easy,PERMUTE,no,no,1,1,154,261,,Novita,stop,0,0.00012519,content,0.0,700
meta-llama/llama-3.3-70b-instruct,40,20200,RAW,IV,3,det-counterfactual,college_wage,anticommonsense,PERMUTE,yes,yes,1,1,125,227,,Novita,stop,0,0.000107675,content,0.0,700
meta-llama/llama-3.3-70b-instruct,41,9719,RAW,IV,3,det-counterfactual,cholesterol,commonsense,PERMUTE,yes,yes,1,1,131,200,,Novita,stop,0,9.7685e-05,content,0.0,700
meta-llama/llama-3.3-70b-instruct,42,10021,RAW,IV,3,det-counterfactual,price,commonsense,PERMUTE,no,no,1,1,125,118,,Novita,stop,0,6.4075e-05,content,0.0,700
meta-llama/llama-3.3-70b-instruct,43,9798,RAW,IV,3,det-counterfactual,college_wage,commonsense,PERMUTE,yes,yes,1,1,132,128,,Novita,stop,0,6.902e-05,content,0.0,700
meta-llama/llama-3.3-70b-instruct,44,10379,RAW,IV,3,det-counterfactual,water_cholera,commonsense,PERMUTE,no,no,1,1,130,292,,Novita,stop,0,0.00013435,content,0.0,700
meta-llama/llama-3.3-70b-instruct,45,10366,RAW,IV,3,det-counterfactual,water_cholera,commonsense,PERMUTE,no,no,1,1,127,295,,Novita,stop,0,0.000135145,content,0.0,700
meta-llama/llama-3.3-70b-instruct,46,9799,RAW,IV,3,det-counterfactual,college_wage,commonsense,PERMUTE,no,no,1,1,134,182,,Novita,stop,0,9.089e-05,content,0.0,700
meta-llama/llama-3.3-70b-instruct,47,9728,RAW,IV,3,det-counterfactual,cholesterol,commonsense,PERMUTE,yes,yes,1,1,135,186,,Novita,stop,0,9.2625e-05,content,0.0,700
meta-llama/llama-3.3-70b-instruct,48,20193,RAW,IV,3,det-counterfactual,college_wage,anticommonsense,PERMUTE,yes,yes,1,1,127,269,,Novita,stop,0,0.000124745,content,0.0,700
meta-llama/llama-3.3-70b-instruct,49,10313,RAW,IV,3,det-counterfactual,tax_smoke_birthWeight,commonsense,PERMUTE,no,no,1,1,136,330,,Novita,stop,0,0.00015036,content,0.0,700
meta-llama/llama-3.3-70b-instruct,50,20727,RAW,IV,3,det-counterfactual,tax_smoke_birthWeight,anticommonsense,PERMUTE,yes,yes,1,1,124,203,,Novita,stop,0,9.794e-05,content,0.0,700
meta-llama/llama-3.3-70b-instruct,51,20195,RAW,IV,3,det-counterfactual,college_wage,anticommonsense,PERMUTE,yes,yes,1,1,129,150,,Novita,stop,0,7.7415e-05,content,0.0,700
meta-llama/llama-3.3-70b-instruct,52,9789,RAW,IV,3,det-counterfactual,college_wage,commonsense,PERMUTE,no,no,1,1,133,175,,Novita,stop,0,8.7955e-05,content,0.0,700
meta-llama/llama-3.3-70b-instruct,53,20175,RAW,IV,3,det-counterfactual,college_wage,anticommonsense,PERMUTE,yes,yes,1,1,123,177,,Novita,stop,0,8.7405e-05,content,0.0,700
meta-llama/llama-3.3-70b-instruct,54,9795,RAW,IV,3,det-counterfactual,college_wage,commonsense,PERMUTE,no,no,1,1,131,169,,Novita,stop,0,8.5285e-05,content,0.0,700
meta-llama/llama-3.3-70b-instruct,55,10041,RAW,IV,3,det-counterfactual,price,commonsense,PERMUTE,no,yes,0,1,125,336,,Novita,stop,0,0.000151275,content,0.0,700
meta-llama/llama-3.3-70b-instruct,56,10355,RAW,IV,3,det-counterfactual,water_cholera,commonsense,PERMUTE,no,no,1,1,126,185,,Novita,stop,0,9.101e-05,content,0.0,700
meta-llama/llama-3.3-70b-instruct,57,20702,RAW,IV,3,det-counterfactual,tax_smoke_birthWeight,anticommonsense,PERMUTE,no,no,1,1,125,194,,Novita,stop,0,9.4475e-05,content,0.0,700
meta-llama/llama-3.3-70b-instruct,58,9821,RAW,IV,3,det-counterfactual,college_wage,commonsense,PERMUTE,yes,yes,1,1,131,136,,Novita,stop,0,7.2085e-05,content,0.0,700
meta-llama/llama-3.3-70b-instruct,59,10044,RAW,IV,3,det-counterfactual,price,commonsense,PERMUTE,no,no,1,1,125,110,,Novita,stop,0,6.0875e-05,content,0.0,700
meta-llama/llama-3.3-70b-instruct,81,13538,RAW,arrowhead,2,ate,obesity_mortality,anticommonsense,PERMUTE,no,no,1,1,110,108,,Novita,stop,0,5.805e-05,content,0.0,700
meta-llama/llama-3.3-70b-instruct,82,9160,RAW,arrowhead,2,ate,smoking_gene_cancer,hard,PERMUTE,no,no,1,1,111,146,,Novita,stop,0,7.3385e-05,content,0.0,700
meta-llama/llama-3.3-70b-instruct,83,2848,RAW,arrowhead,2,ate,nature_vs_nurture,easy,PERMUTE,no,no,1,1,117,114,,Novita,stop,0,6.1395e-05,content,0.0,700
meta-llama/llama-3.3-70b-instruct,84,7592,RAW,arrowhead,2,ate,nature_vs_nurture,hard,PERMUTE,yes,yes,1,1,117,117,,Novita,stop,0,6.2595e-05,content,0.0,700
meta-llama/llama-3.3-70b-instruct,87,13650,RAW,arrowhead,2,ate,obesity_mortality,anticommonsense,PERMUTE,no,no,1,1,110,252,,Novita,stop,0,0.00011565,content,0.0,700
meta-llama/llama-3.3-70b-instruct,88,2574,RAW,arrowhead,2,ate,gender_pay,easy,PERMUTE,yes,no,0,1,109,163,,Novita,stop,0,7.9915e-05,content,0.0,700
meta-llama/llama-3.3-70b-instruct,89,2323,RAW,arrowhead,2,ate,gender_admission_state,easy,PERMUTE,yes,no,0,1,111,194,,Novita,stop,0,9.2585e-05,content,0.0,700
meta-llama/llama-3.3-70b-instruct,90,8091,RAW,arrowhead,2,ate,obesity_mortality,hard,PERMUTE,no,no,1,1,105,205,,Novita,stop,0,9.6175e-05,content,0.0,700
meta-llama/llama-3.3-70b-instruct,92,19581,RAW,arrowhead,2,ate,smoking_gene_cancer,anticommonsense,PERMUTE,no,no,1,1,110,213,,Novita,stop,0,0.00010005,content,0.0,700
meta-llama/llama-3.3-70b-instruct,95,7208,RAW,arrowhead,2,ate,gender_admission_state,hard,PERMUTE,yes,no,0,1,113,209,,Novita,stop,0,9.8855e-05,content,0.0,700
meta-llama/llama-3.3-70b-instruct,96,13558,RAW,arrowhead,2,ate,obesity_mortality,anticommonsense,PERMUTE,yes,no,0,1,109,107,,Novita,stop,0,5.7515e-05,content,0.0,700
meta-llama/llama-3.3-70b-instruct,100,4365,RAW,arrowhead,3,ett,smoking_gene_cancer,easy,PERMUTE,yes,yes,1,1,122,205,,Novita,stop,0,9.847e-05,content,0.0,700
meta-llama/llama-3.3-70b-instruct,101,3245,RAW,arrowhead,3,nie,obesity_mortality,easy,PERMUTE,no,no,1,1,225,169,,Novita,stop,0,9.7975e-05,content,0.0,700
meta-llama/llama-3.3-70b-instruct,102,20288,RAW,arrowhead,3,det-counterfactual,gender_pay,anticommonsense,PERMUTE,yes,yes,1,1,128,218,,Novita,stop,0,0.00010448,content,0.0,700
meta-llama/llama-3.3-70b-instruct,103,20269,RAW,arrowhead,3,det-counterfactual,gender_admission_state,anticommonsense,PERMUTE,no,no,1,1,121,415,,Novita,stop,0,0.000182335,content,0.0,700
meta-llama/llama-3.3-70b-instruct,104,13224,RAW,arrowhead,3,nie,nature_vs_nurture,anticommonsense,PERMUTE,yes,no,0,1,275,441,,Novita,stop,0,0.000213525,content,0.0,700
meta-llama/llama-3.3-70b-instruct,105,9178,RAW,arrowhead,3,ett,smoking_gene_cancer,hard,PERMUTE,yes,no,0,1,127,700,,Novita,length,0,0.000297145,content,0.0,700
meta-llama/llama-3.3-70b-instruct,106,13526,RAW,arrowhead,3,nde,obesity_mortality,anticommonsense,PERMUTE,yes,no,0,1,250,119,,Novita,stop,0,8.135e-05,content,0.0,700
meta-llama/llama-3.3-70b-instruct,107,2480,RAW,arrowhead,3,ett,gender_pay,easy,PERMUTE,yes,yes,1,1,125,128,,Novita,stop,0,6.8075e-05,content,0.0,700
meta-llama/llama-3.3-70b-instruct,108,17732,RAW,arrowhead,3,nie,gender_pay,anticommonsense,PERMUTE,no,no,1,1,267,582,,Novita,stop,0,0.000268845,content,0.0,700
meta-llama/llama-3.3-70b-instruct,109,2437,RAW,arrowhead,3,nde,gender_admission_state,easy,PERMUTE,no,no,1,1,272,256,,Novita,stop,0,0.00013912,content,0.0,700
meta-llama/llama-3.3-70b-instruct,110,14506,RAW,arrowhead,3,ett,smoke_birthWeight,anticommonsense,PERMUTE,yes,yes,1,1,130,234,,Novita,stop,0,0.00011115,content,0.0,700
meta-llama/llama-3.3-70b-instruct,111,3206,RAW,arrowhead,3,ett,obesity_mortality,easy,PERMUTE,no,yes,0,1,120,147,,Novita,stop,0,7.5e-05,content,0.0,700
meta-llama/llama-3.3-70b-instruct,112,12722,RAW,arrowhead,3,nde,gender_admission_state,anticommonsense,PERMUTE,yes,no,0,1,266,635,,Novita,stop,0,0.00028991,content,0.0,700
meta-llama/llama-3.3-70b-instruct,113,4093,RAW,arrowhead,3,nde,smoke_birthWeight,easy,PERMUTE,no,,0,0,269,700,,Novita,length,0,0.000316315,content,0.0,700
meta-llama/llama-3.3-70b-instruct,114,14729,RAW,arrowhead,3,nde,smoking_gene_cancer,anticommonsense,PERMUTE,no,no,1,1,264,419,,Novita,stop,0,0.00020324,content,0.0,700
meta-llama/llama-3.3-70b-instruct,115,20273,RAW,arrowhead,3,det-counterfactual,gender_admission_state,anticommonsense,PERMUTE,no,no,1,1,119,315,,Novita,stop,0,0.000142065,content,0.0,700
meta-llama/llama-3.3-70b-instruct,116,7216,RAW,arrowhead,3,nie,gender_admission_state,hard,PERMUTE,yes,yes,1,1,259,474,,Novita,stop,0,0.000224565,content,0.0,700
meta-llama/llama-3.3-70b-instruct,117,19297,RAW,arrowhead,3,nde,smoke_birthWeight,anticommonsense,PERMUTE,yes,no,0,1,280,580,,Novita,stop,0,0.0002698,content,0.0,700
meta-llama/llama-3.3-70b-instruct,118,17697,RAW,arrowhead,3,nde,gender_pay,anticommonsense,PERMUTE,no,yes,0,1,277,278,,Novita,stop,0,0.000148595,content,0.0,700
meta-llama/llama-3.3-70b-instruct,119,9075,RAW,arrowhead,3,ett,smoking_gene_cancer,hard,PERMUTE,yes,yes,1,1,127,449,,Novita,stop,0,0.000196745,content,0.0,700
meta-llama/llama-3.3-70b-instruct,140,3299,RAW,chain,2,ate,orange_scurvy,easy,PERMUTE,no,no,1,1,105,191,,Novita,stop,0,9.0575e-05,content,0.0,700
meta-llama/llama-3.3-70b-instruct,143,9264,RAW,chain,2,ate,smoking_tar_cancer,hard,PERMUTE,yes,no,0,1,101,78,,Novita,stop,0,4.4835e-05,content,0.0,700
meta-llama/llama-3.3-70b-instruct,145,16941,RAW,chain,2,ate,college_salary,anticommonsense,PERMUTE,yes,no,0,1,110,61,,Novita,stop,0,3.925e-05,content,0.0,700
meta-llama/llama-3.3-70b-instruct,149,12149,RAW,chain,2,ate,college_salary,anticommonsense,PERMUTE,no,no,1,1,112,117,,Novita,stop,0,6.192e-05,content,0.0,700
meta-llama/llama-3.3-70b-instruct,155,4535,RAW,chain,2,ate,smoking_tar_cancer,easy,PERMUTE,yes,no,0,1,96,158,,Novita,stop,0,7.616e-05,content,0.0,700
meta-llama/llama-3.3-70b-instruct,158,1676,RAW,chain,2,ate,college_salary,easy,PERMUTE,no,no,1,1,112,141,,Novita,stop,0,7.152e-05,content,0.0,700
meta-llama/llama-3.3-70b-instruct,159,12078,RAW,chain,2,ate,college_salary,anticommonsense,PERMUTE,yes,yes,1,1,107,129,,Novita,stop,0,6.6045e-05,content,0.0,700
meta-llama/llama-3.3-70b-instruct,160,1716,RAW,chain,3,ett,college_salary,easy,PERMUTE,yes,yes,1,1,128,311,,Novita,stop,0,0.00014168,content,0.0,700
meta-llama/llama-3.3-70b-instruct,161,4583,RAW,chain,3,nie,smoking_tar_cancer,easy,PERMUTE,yes,no,0,1,97,259,,Novita,stop,0,0.000116695,content,0.0,700
meta-llama/llama-3.3-70b-instruct,162,9245,RAW,chain,3,nie,smoking_tar_cancer,hard,PERMUTE,no,no,1,1,101,46,,Novita,stop,0,3.2035e-05,content,0.0,700
meta-llama/llama-3.3-70b-instruct,163,3350,RAW,chain,3,nie,orange_scurvy,easy,PERMUTE,yes,no,0,1,104,331,,Novita,stop,0,0.00014644,content,0.0,700
meta-llama/llama-3.3-70b-instruct,164,14940,RAW,chain,3,nie,smoking_tar_cancer,anticommonsense,PERMUTE,yes,no,0,1,111,227,,Novita,stop,0,0.000105785,content,0.0,700
meta-llama/llama-3.3-70b-instruct,165,19671,RAW,chain,3,ett,smoking_tar_cancer,anticommonsense,PERMUTE,no,no,1,1,124,261,,Novita,stop,0,0.00012114,content,0.0,700
meta-llama/llama-3.3-70b-instruct,166,20403,RAW,chain,3,det-counterfactual,orange_scurvy,anticommonsense,PERMUTE,no,no,1,1,97,100,,Novita,stop,0,5.3095e-05,content,0.0,700
meta-llama/llama-3.3-70b-instruct,167,20690,RAW,chain,3,det-counterfactual,smoking_tar_cancer,anticommonsense,PERMUTE,no,no,1,1,102,75,,Novita,stop,0,4.377e-05,content,0.0,700
meta-llama/llama-3.3-70b-instruct,168,19659,RAW,chain,3,nie,smoking_tar_cancer,anticommonsense,PERMUTE,no,no,1,1,111,206,,Novita,stop,0,9.7385e-05,content,0.0,700
meta-llama/llama-3.3-70b-instruct,169,8162,RAW,chain,3,ett,orange_scurvy,hard,PERMUTE,no,no,1,1,116,151,,Novita,stop,0,7.606e-05,content,0.0,700
meta-llama/llama-3.3-70b-instruct,170,16869,RAW,chain,3,nie,college_salary,anticommonsense,PERMUTE,no,no,1,1,110,62,,Novita,stop,0,3.965e-05,content,0.0,700
meta-llama/llama-3.3-70b-instruct,171,12121,RAW,chain,3,nie,college_salary,anticommonsense,PERMUTE,yes,no,0,1,111,152,,Novita,stop,0,7.5785e-05,content,0.0,700
meta-llama/llama-3.3-70b-instruct,172,14908,RAW,chain,3,ett,smoking_tar_cancer,anticommonsense,PERMUTE,no,no,1,1,124,268,,Novita,stop,0,0.00012394,content,0.0,700
meta-llama/llama-3.3-70b-instruct,173,19660,RAW,chain,3,nie,smoking_tar_cancer,anticommonsense,PERMUTE,yes,no,0,1,111,76,,Novita,stop,0,4.5385e-05,content,0.0,700
meta-llama/llama-3.3-70b-instruct,174,19664,RAW,chain,3,ett,smoking_tar_cancer,anticommonsense,PERMUTE,no,no,1,1,124,104,,Novita,stop,0,5.834e-05,content,0.0,700
meta-llama/llama-3.3-70b-instruct,175,1738,RAW,chain,3,nie,college_salary,easy,PERMUTE,no,no,1,1,108,318,,Novita,stop,0,0.00014178,content,0.0,700
meta-llama/llama-3.3-70b-instruct,176,16853,RAW,chain,3,ett,college_salary,anticommonsense,PERMUTE,yes,yes,1,1,124,324,,Novita,stop,0,0.00014634,content,0.0,700
meta-llama/llama-3.3-70b-instruct,177,20396,RAW,chain,3,det-counterfactual,orange_scurvy,anticommonsense,PERMUTE,yes,yes,1,1,99,342,,Novita,stop,0,0.000150165,content,0.0,700
meta-llama/llama-3.3-70b-instruct,178,18584,RAW,chain,3,nie,orange_scurvy,anticommonsense,PERMUTE,no,no,1,1,103,82,,Novita,stop,0,4.6705e-05,content,0.0,700
meta-llama/llama-3.3-70b-instruct,179,16837,RAW,chain,3,ett,college_salary,anticommonsense,PERMUTE,no,no,1,1,124,430,,Novita,stop,0,0.00018874,content,0.0,700
meta-llama/llama-3.3-70b-instruct,180,13202,RAW,collision,1,exp_away,man_in_relationship,anticommonsense,PERMUTE,no,no,1,1,169,628,,Novita,stop,0,0.000274015,content,0.0,700
meta-llama/llama-3.3-70b-instruct,183,12365,RAW,collision,1,exp_away,elite_students,anticommonsense,PERMUTE,yes,no,0,1,188,654,,Novita,stop,0,0.00028698,content,0.0,700
meta-llama/llama-3.3-70b-instruct,184,17905,RAW,collision,1,exp_away,man_in_relationship,anticommonsense,PERMUTE,no,no,1,1,184,504,,Novita,stop,0,0.00022644,content,0.0,700
meta-llama/llama-3.3-70b-instruct,185,1926,RAW,collision,1,exp_away,elite_students,easy,PERMUTE,no,no,1,1,194,254,,Novita,stop,0,0.00012779,content,0.0,700
meta-llama/llama-3.3-70b-instruct,186,16715,RAW,collision,1,exp_away,celebrity,anticommonsense,PERMUTE,no,,0,0,168,700,,Novita,length,0,0.00030268,content,0.0,700
meta-llama/llama-3.3-70b-instruct,187,17843,RAW,collision,1,exp_away,hospitalization,anticommonsense,PERMUTE,yes,no,0,1,172,447,,Novita,stop,0,0.00020202,content,0.0,700
meta-llama/llama-3.3-70b-instruct,188,1567,RAW,collision,1,exp_away,celebrity,easy,PERMUTE,yes,no,0,1,159,627,,Novita,stop,0,0.000272265,content,0.0,700
meta-llama/llama-3.3-70b-instruct,190,6696,RAW,collision,1,exp_away,elite_students,hard,PERMUTE,no,no,1,1,194,242,,Novita,stop,0,0.00012299,content,0.0,700
meta-llama/llama-3.3-70b-instruct,195,11969,RAW,collision,1,exp_away,celebrity,anticommonsense,PERMUTE,no,no,1,1,161,565,,Novita,stop,0,0.000247735,content,0.0,700
meta-llama/llama-3.3-70b-instruct,197,6351,RAW,collision,1,exp_away,celebrity,hard,PERMUTE,no,no,1,1,159,489,,Novita,stop,0,0.000217065,content,0.0,700
meta-llama/llama-3.3-70b-instruct,198,6323,RAW,collision,1,exp_away,celebrity,hard,PERMUTE,no,no,1,1,164,561,,Novita,stop,0,0.00024654,content,0.0,700
meta-llama/llama-3.3-70b-instruct,200,6295,RAW,collision,2,collider_bias,celebrity,hard,PERMUTE,no,no,1,1,99,197,,Novita,stop,0,9.2165e-05,content,0.0,700
meta-llama/llama-3.3-70b-instruct,203,17087,RAW,collision,2,collider_bias,elite_students,anticommonsense,PERMUTE,no,no,1,1,103,100,,Novita,stop,0,5.3905e-05,content,0.0,700
meta-llama/llama-3.3-70b-instruct,204,12300,RAW,collision,2,collider_bias,elite_students,anticommonsense,PERMUTE,no,no,1,1,107,171,,Novita,stop,0,8.2845e-05,content,0.0,700
meta-llama/llama-3.3-70b-instruct,205,7518,RAW,collision,2,collider_bias,man_in_relationship,hard,PERMUTE,no,no,1,1,99,227,,Novita,stop,0,0.000104165,content,0.0,700
meta-llama/llama-3.3-70b-instruct,206,13146,RAW,collision,2,collider_bias,man_in_relationship,anticommonsense,PERMUTE,no,no,1,1,101,111,,Novita,stop,0,5.8035e-05,content,0.0,700
meta-llama/llama-3.3-70b-instruct,210,7576,RAW,collision,2,collider_bias,man_in_relationship,hard,PERMUTE,yes,yes,1,1,101,119,,Novita,stop,0,6.1235e-05,content,0.0,700
meta-llama/llama-3.3-70b-instruct,212,17146,RAW,collision,2,collider_bias,elite_students,anticommonsense,PERMUTE,no,no,1,1,103,167,,Novita,stop,0,8.0705e-05,content,0.0,700
meta-llama/llama-3.3-70b-instruct,214,2676,RAW,collision,2,collider_bias,hospitalization,easy,PERMUTE,yes,no,0,1,99,165,,Novita,stop,0,7.9365e-05,content,0.0,700
meta-llama/llama-3.3-70b-instruct,218,6688,RAW,collision,2,collider_bias,elite_students,hard,PERMUTE,yes,no,0,1,109,194,,Novita,stop,0,9.2315e-05,content,0.0,700
meta-llama/llama-3.3-70b-instruct,219,17131,RAW,collision,2,collider_bias,elite_students,anticommonsense,PERMUTE,yes,no,0,1,107,242,,Novita,stop,0,0.000111245,content,0.0,700
meta-llama/llama-3.3-70b-instruct,240,18810,RAW,confounding,2,ate,simpson_drug,anticommonsense,PERMUTE,no,no,1,1,164,603,,Novita,stop,0,0.00026334,content,0.0,700
meta-llama/llama-3.3-70b-instruct,241,8349,RAW,confounding,2,ate,simpson_drug,hard,PERMUTE,yes,,0,0,157,700,,Novita,length,0,0.000301195,content,0.0,700
meta-llama/llama-3.3-70b-instruct,246,8686,RAW,confounding,2,ate,simpson_vaccine,hard,PERMUTE,no,no,1,1,170,220,,Novita,stop,0,0.00011095,content,0.0,700
meta-llama/llama-3.3-70b-instruct,247,18761,RAW,confounding,2,ate,simpson_drug,anticommonsense,PERMUTE,yes,yes,1,1,160,269,,Novita,stop,0,0.0001292,content,0.0,700
meta-llama/llama-3.3-70b-instruct,250,3613,RAW,confounding,2,ate,simpson_drug,easy,PERMUTE,yes,yes,1,1,157,129,,Novita,stop,0,7.2795e-05,content,0.0,700
meta-llama/llama-3.3-70b-instruct,251,14018,RAW,confounding,2,ate,simpson_drug,anticommonsense,PERMUTE,no,no,1,1,164,307,,Novita,stop,0,0.00014494,content,0.0,700
meta-llama/llama-3.3-70b-instruct,253,8414,RAW,confounding,2,ate,simpson_drug,hard,PERMUTE,no,no,1,1,157,596,,Novita,stop,0,0.000259595,content,0.0,700
meta-llama/llama-3.3-70b-instruct,257,8487,RAW,confounding,2,ate,simpson_hospital,hard,PERMUTE,yes,yes,1,1,164,180,,Novita,stop,0,9.414e-05,content,0.0,700
meta-llama/llama-3.3-70b-instruct,258,13998,RAW,confounding,2,ate,simpson_drug,anticommonsense,PERMUTE,no,no,1,1,164,216,,Novita,stop,0,0.00010854,content,0.0,700
meta-llama/llama-3.3-70b-instruct,260,18887,RAW,confounding,3,ett,simpson_hospital,anticommonsense,PERMUTE,no,no,1,1,179,181,,Novita,stop,0,9.6565e-05,content,0.0,700
meta-llama/llama-3.3-70b-instruct,261,20493,RAW,confounding,3,det-counterfactual,simpson_hospital,anticommonsense,PERMUTE,yes,yes,1,1,108,240,,Novita,stop,0,0.00011058,content,0.0,700
meta-llama/llama-3.3-70b-instruct,262,10063,RAW,confounding,3,det-counterfactual,simpson_drug,commonsense,PERMUTE,no,no,1,1,101,429,,Novita,stop,0,0.000185235,content,0.0,700
meta-llama/llama-3.3-70b-instruct,263,8718,RAW,confounding,3,ett,simpson_vaccine,hard,PERMUTE,no,no,1,1,187,617,,Novita,stop,0,0.000272045,content,0.0,700
meta-llama/llama-3.3-70b-instruct,264,10151,RAW,confounding,3,det-counterfactual,simpson_kidneystone,commonsense,PERMUTE,yes,yes,1,1,104,206,,Novita,stop,0,9.644e-05,content,0.0,700
meta-llama/llama-3.3-70b-instruct,265,10167,RAW,confounding,3,det-counterfactual,simpson_vaccine,commonsense,PERMUTE,yes,no,0,1,116,208,,Novita,stop,0,9.886e-05,content,0.0,700
meta-llama/llama-3.3-70b-instruct,266,20506,RAW,confounding,3,det-counterfactual,simpson_hospital,anticommonsense,PERMUTE,yes,yes,1,1,104,140,,Novita,stop,0,7.004e-05,content,0.0,700
meta-llama/llama-3.3-70b-instruct,267,14177,RAW,confounding,3,ett,simpson_kidneystone,anticommonsense,PERMUTE,yes,yes,1,1,185,350,,Novita,stop,0,0.000164975,content,0.0,700
meta-llama/llama-3.3-70b-instruct,268,19014,RAW,confounding,3,ett,simpson_kidneystone,anticommonsense,PERMUTE,yes,yes,1,1,186,228,,Novita,stop,0,0.00011631,content,0.0,700
meta-llama/llama-3.3-70b-instruct,269,20562,RAW,confounding,3,det-counterfactual,simpson_vaccine,anticommonsense,PERMUTE,yes,yes,1,1,121,222,,Novita,stop,0,0.000105135,content,0.0,700
meta-llama/llama-3.3-70b-instruct,270,10153,RAW,confounding,3,det-counterfactual,simpson_kidneystone,commonsense,PERMUTE,yes,no,0,1,104,231,,Novita,stop,0,0.00010644,content,0.0,700
meta-llama/llama-3.3-70b-instruct,271,8314,RAW,confounding,3,ett,simpson_drug,hard,PERMUTE,yes,no,0,1,170,520,,Novita,stop,0,0.00023095,content,0.0,700
meta-llama/llama-3.3-70b-instruct,272,20490,RAW,confounding,3,det-counterfactual,simpson_hospital,anticommonsense,PERMUTE,yes,yes,1,1,104,86,,Novita,stop,0,4.844e-05,content,0.0,700
meta-llama/llama-3.3-70b-instruct,273,18739,RAW,confounding,3,ett,simpson_drug,anticommonsense,PERMUTE,no,yes,0,1,176,583,,Novita,stop,0,0.00025696,content,0.0,700
meta-llama/llama-3.3-70b-instruct,274,20494,RAW,confounding,3,det-counterfactual,simpson_hospital,anticommonsense,PERMUTE,no,no,1,1,109,176,,Novita,stop,0,8.5115e-05,content,0.0,700
meta-llama/llama-3.3-70b-instruct,275,3994,RAW,confounding,3,ett,simpson_vaccine,easy,PERMUTE,yes,yes,1,1,183,210,,Novita,stop,0,0.000108705,content,0.0,700
meta-llama/llama-3.3-70b-instruct,276,10086,RAW,confounding,3,det-counterfactual,simpson_drug,commonsense,PERMUTE,yes,yes,1,1,102,391,,Novita,stop,0,0.00017017,content,0.0,700
meta-llama/llama-3.3-70b-instruct,277,14102,RAW,confounding,3,ett,simpson_hospital,anticommonsense,PERMUTE,no,no,1,1,188,303,,Novita,stop,0,0.00014658,content,0.0,700
meta-llama/llama-3.3-70b-instruct,278,20458,RAW,confounding,3,det-counterfactual,simpson_drug,anticommonsense,PERMUTE,yes,no,0,1,101,178,,Novita,stop,0,8.4835e-05,content,0.0,700
meta-llama/llama-3.3-70b-instruct,279,20508,RAW,confounding,3,det-counterfactual,simpson_hospital,anticommonsense,PERMUTE,no,no,1,1,109,700,,Novita,length,0,0.000294715,content,0.0,700
meta-llama/llama-3.3-70b-instruct,300,15847,RAW,diamond,2,ate,floor_wet,anticommonsense,PERMUTE,no,no,1,1,106,63,,Novita,stop,0,3.951e-05,content,0.0,700
meta-llama/llama-3.3-70b-instruct,302,15592,RAW,diamond,2,ate,firing_squad,anticommonsense,PERMUTE,yes,no,0,1,113,147,,Novita,stop,0,7.4055e-05,content,0.0,700
meta-llama/llama-3.3-70b-instruct,305,15717,RAW,diamond,2,ate,floor_wet,anticommonsense,PERMUTE,yes,yes,1,1,104,119,,Novita,stop,0,6.164e-05,content,0.0,700
meta-llama/llama-3.3-70b-instruct,307,10807,RAW,diamond,2,ate,firing_squad,anticommonsense,PERMUTE,no,no,1,1,110,65,,Novita,stop,0,4.085e-05,content,0.0,700
meta-llama/llama-3.3-70b-instruct,309,16416,RAW,diamond,2,ate,vaccine_kills,anticommonsense,PERMUTE,no,no,1,1,107,62,,Novita,stop,0,3.9245e-05,content,0.0,700
meta-llama/llama-3.3-70b-instruct,312,1268,RAW,diamond,2,ate,vaccine_kills,easy,PERMUTE,yes,no,0,1,99,245,,Novita,stop,0,0.000111365,content,0.0,700
meta-llama/llama-3.3-70b-instruct,313,612,RAW,diamond,2,ate,floor_wet,easy,PERMUTE,yes,yes,1,1,100,82,,Novita,stop,0,4.63e-05,content,0.0,700
meta-llama/llama-3.3-70b-instruct,315,10979,RAW,diamond,2,ate,floor_wet,anticommonsense,PERMUTE,no,no,1,1,110,101,,Novita,stop,0,5.525e-05,content,0.0,700
meta-llama/llama-3.3-70b-instruct,319,11649,RAW,diamond,2,ate,vaccine_kills,anticommonsense,PERMUTE,no,no,1,1,111,168,,Novita,stop,0,8.2185e-05,content,0.0,700
meta-llama/llama-3.3-70b-instruct,320,1181,RAW,diamond,3,nie,vaccine_kills,easy,PERMUTE,no,no,1,1,106,73,,Novita,stop,0,4.351e-05,content,0.0,700
meta-llama/llama-3.3-70b-instruct,321,9589,RAW,diamond,3,det-counterfactual,firing_squad,commonsense,PERMUTE,no,yes,0,1,121,475,,Novita,stop,0,0.000206335,content,0.0,700
meta-llama/llama-3.3-70b-instruct,322,15589,RAW,diamond,3,nie,firing_squad,anticommonsense,PERMUTE,yes,no,0,1,113,169,,Novita,stop,0,8.2855e-05,content,0.0,700
meta-llama/llama-3.3-70b-instruct,323,9610,RAW,diamond,3,det-counterfactual,floor_wet,commonsense,PERMUTE,no,no,1,1,98,459,,Novita,stop,0,0.00019683,content,0.0,700
meta-llama/llama-3.3-70b-instruct,324,11697,RAW,diamond,3,ett,vaccine_kills,anticommonsense,PERMUTE,no,no,1,1,124,327,,Novita,stop,0,0.00014754,content,0.0,700
meta-llama/llama-3.3-70b-instruct,325,11055,RAW,diamond,3,nie,floor_wet,anticommonsense,PERMUTE,no,no,1,1,108,229,,Novita,stop,0,0.00010618,content,0.0,700
meta-llama/llama-3.3-70b-instruct,326,11580,RAW,diamond,3,nie,vaccine_kills,anticommonsense,PERMUTE,yes,no,0,1,120,197,,Novita,stop,0,9.5e-05,content,0.0,700
meta-llama/llama-3.3-70b-instruct,327,5352,RAW,diamond,3,ett,floor_wet,hard,PERMUTE,no,no,1,1,116,299,,Novita,stop,0,0.00013526,content,0.0,700
meta-llama/llama-3.3-70b-instruct,328,15653,RAW,diamond,3,ett,firing_squad,anticommonsense,PERMUTE,yes,yes,1,1,122,104,,Novita,stop,0,5.807e-05,content,0.0,700
meta-llama/llama-3.3-70b-instruct,329,11017,RAW,diamond,3,nie,floor_wet,anticommonsense,PERMUTE,yes,no,0,1,110,125,,Novita,stop,0,6.485e-05,content,0.0,700
meta-llama/llama-3.3-70b-instruct,330,1260,RAW,diamond,3,nie,vaccine_kills,easy,PERMUTE,no,no,1,1,106,118,,Novita,stop,0,6.151e-05,content,0.0,700
meta-llama/llama-3.3-70b-instruct,331,10840,RAW,diamond,3,ett,firing_squad,anticommonsense,PERMUTE,no,no,1,1,127,145,,Novita,stop,0,7.5145e-05,content,0.0,700
meta-llama/llama-3.3-70b-instruct,332,9597,RAW,diamond,3,det-counterfactual,firing_squad,commonsense,PERMUTE,no,no,1,1,120,183,,Novita,stop,0,8.94e-05,content,0.0,700
meta-llama/llama-3.3-70b-instruct,333,16443,RAW,diamond,3,ett,vaccine_kills,anticommonsense,PERMUTE,yes,no,0,1,108,97,,Novita,stop,0,5.338e-05,content,0.0,700
meta-llama/llama-3.3-70b-instruct,334,518,RAW,diamond,3,nie,firing_squad,easy,PERMUTE,no,no,1,1,120,171,,Novita,stop,0,8.46e-05,content,0.0,700
meta-llama/llama-3.3-70b-instruct,335,11023,RAW,diamond,3,nie,floor_wet,anticommonsense,PERMUTE,yes,no,0,1,110,144,,Novita,stop,0,7.245e-05,content,0.0,700
meta-llama/llama-3.3-70b-instruct,336,11061,RAW,diamond,3,ett,floor_wet,anticommonsense,PERMUTE,no,yes,0,1,125,91,,Novita,stop,0,5.3275e-05,content,0.0,700
meta-llama/llama-3.3-70b-instruct,337,6020,RAW,diamond,3,ett,vaccine_kills,hard,PERMUTE,no,yes,0,1,114,109,,Novita,stop,0,5.899e-05,content,0.0,700
meta-llama/llama-3.3-70b-instruct,338,610,RAW,diamond,3,nie,floor_wet,easy,PERMUTE,yes,no,0,1,104,274,,Novita,stop,0,0.00012364,content,0.0,700
meta-llama/llama-3.3-70b-instruct,339,1253,RAW,diamond,3,nie,vaccine_kills,easy,PERMUTE,yes,no,0,1,106,223,,Novita,stop,0,0.00010351,content,0.0,700
meta-llama/llama-3.3-70b-instruct,360,349,RAW,diamondcut,2,ate,firing_employee,easy,PERMUTE,yes,yes,1,1,193,340,,Novita,stop,0,0.000162055,content,0.0,700
meta-llama/llama-3.3-70b-instruct,361,287,RAW,diamondcut,2,ate,firing_employee,easy,PERMUTE,no,no,1,1,199,405,,Novita,stop,0,0.000188865,content,0.0,700
meta-llama/llama-3.3-70b-instruct,362,15562,RAW,diamondcut,2,ate,firing_employee,anticommonsense,PERMUTE,no,no,1,1,202,613,,Novita,stop,0,0.00027247,content,0.0,700
meta-llama/llama-3.3-70b-instruct,364,10722,RAW,diamondcut,2,ate,firing_employee,anticommonsense,PERMUTE,no,no,1,1,201,334,,Novita,stop,0,0.000160735,content,0.0,700
meta-llama/llama-3.3-70b-instruct,365,10713,RAW,diamondcut,2,ate,firing_employee,anticommonsense,PERMUTE,no,no,1,1,185,471,,Novita,stop,0,0.000213375,content,0.0,700
meta-llama/llama-3.3-70b-instruct,367,5143,RAW,diamondcut,2,ate,firing_employee,hard,PERMUTE,no,no,1,1,189,346,,Novita,stop,0,0.000163915,content,0.0,700
meta-llama/llama-3.3-70b-instruct,368,340,RAW,diamondcut,2,ate,firing_employee,easy,PERMUTE,no,no,1,1,193,376,,Novita,stop,0,0.000176455,content,0.0,700
meta-llama/llama-3.3-70b-instruct,369,286,RAW,diamondcut,2,ate,firing_employee,easy,PERMUTE,yes,yes,1,1,189,372,,Novita,stop,0,0.000174315,content,0.0,700
meta-llama/llama-3.3-70b-instruct,371,15502,RAW,diamondcut,2,ate,firing_employee,anticommonsense,PERMUTE,no,no,1,1,194,486,,Novita,stop,0,0.00022059,content,0.0,700
meta-llama/llama-3.3-70b-instruct,372,15505,RAW,diamondcut,2,ate,firing_employee,anticommonsense,PERMUTE,yes,yes,1,1,201,399,,Novita,stop,0,0.000186735,content,0.0,700
meta-llama/llama-3.3-70b-instruct,374,5121,RAW,diamondcut,2,ate,firing_employee,hard,PERMUTE,no,no,1,1,199,570,,Novita,stop,0,0.000254865,content,0.0,700
meta-llama/llama-3.3-70b-instruct,377,15520,RAW,diamondcut,2,ate,firing_employee,anticommonsense,PERMUTE,no,no,1,1,202,396,,Novita,stop,0,0.00018567,content,0.0,700
meta-llama/llama-3.3-70b-instruct,380,351,RAW,diamondcut,3,ett,firing_employee,easy,PERMUTE,yes,no,0,1,234,260,,Novita,stop,0,0.00013559,content,0.0,700
meta-llama/llama-3.3-70b-instruct,381,19972,RAW,diamondcut,3,det-counterfactual,firing_employee,anticommonsense,PERMUTE,yes,no,0,1,130,347,,Novita,stop,0,0.00015635,content,0.0,700
meta-llama/llama-3.3-70b-instruct,382,10719,RAW,diamondcut,3,ett,firing_employee,anticommonsense,PERMUTE,yes,yes,1,1,230,454,,Novita,stop,0,0.00021265,content,0.0,700
meta-llama/llama-3.3-70b-instruct,383,19977,RAW,diamondcut,3,det-counterfactual,firing_employee,anticommonsense,PERMUTE,yes,no,0,1,137,445,,Novita,stop,0,0.000196495,content,0.0,700
meta-llama/llama-3.3-70b-instruct,384,15575,RAW,diamondcut,3,ett,firing_employee,anticommonsense,PERMUTE,no,yes,0,1,248,436,,Novita,stop,0,0.00020788,content,0.0,700
meta-llama/llama-3.3-70b-instruct,385,19953,RAW,diamondcut,3,det-counterfactual,firing_employee,anticommonsense,PERMUTE,no,no,1,1,130,510,,Novita,stop,0,0.00022155,content,0.0,700
meta-llama/llama-3.3-70b-instruct,386,10718,RAW,diamondcut,3,ett,firing_employee,anticommonsense,PERMUTE,no,no,1,1,220,629,,Novita,stop,0,0.0002813,content,0.0,700
meta-llama/llama-3.3-70b-instruct,387,278,RAW,diamondcut,3,ett,firing_employee,easy,PERMUTE,yes,,0,0,238,700,,Novita,length,0,0.00031213,content,0.0,700
meta-llama/llama-3.3-70b-instruct,388,10764,RAW,diamondcut,3,ett,firing_employee,anticommonsense,PERMUTE,no,no,1,1,228,506,,Novita,stop,0,0.00023318,content,0.0,700
meta-llama/llama-3.3-70b-instruct,389,10771,RAW,diamondcut,3,ett,firing_employee,anticommonsense,PERMUTE,no,no,1,1,238,547,,Novita,stop,0,0.00025093,content,0.0,700
meta-llama/llama-3.3-70b-instruct,390,15530,RAW,diamondcut,3,ett,firing_employee,anticommonsense,PERMUTE,yes,no,0,1,236,698,,Novita,stop,0,0.00031106,content,0.0,700
meta-llama/llama-3.3-70b-instruct,391,19960,RAW,diamondcut,3,det-counterfactual,firing_employee,anticommonsense,PERMUTE,yes,no,0,1,135,238,,Novita,stop,0,0.000113425,content,0.0,700
meta-llama/llama-3.3-70b-instruct,392,10689,RAW,diamondcut,3,ett,firing_employee,anticommonsense,PERMUTE,no,no,1,1,252,635,,Novita,stop,0,0.00028802,content,0.0,700
meta-llama/llama-3.3-70b-instruct,393,346,RAW,diamondcut,3,ett,firing_employee,easy,PERMUTE,yes,no,0,1,242,586,,Novita,stop,0,0.00026707,content,0.0,700
meta-llama/llama-3.3-70b-instruct,394,5122,RAW,diamondcut,3,ett,firing_employee,hard,PERMUTE,yes,no,0,1,242,475,,Novita,stop,0,0.00022267,content,0.0,700
meta-llama/llama-3.3-70b-instruct,395,19961,RAW,diamondcut,3,det-counterfactual,firing_employee,anticommonsense,PERMUTE,no,yes,0,1,137,218,,Novita,stop,0,0.000105695,content,0.0,700
meta-llama/llama-3.3-70b-instruct,396,19967,RAW,diamondcut,3,det-counterfactual,firing_employee,anticommonsense,PERMUTE,yes,no,0,1,135,332,,Novita,stop,0,0.000151025,content,0.0,700
meta-llama/llama-3.3-70b-instruct,397,10742,RAW,diamondcut,3,ett,firing_employee,anticommonsense,PERMUTE,no,no,1,1,238,596,,Novita,stop,0,0.00027053,content,0.0,700
meta-llama/llama-3.3-70b-instruct,398,15514,RAW,diamondcut,3,ett,firing_employee,anticommonsense,PERMUTE,yes,no,0,1,256,684,,Novita,stop,0,0.00030816,content,0.0,700
meta-llama/llama-3.3-70b-instruct,399,19968,RAW,diamondcut,3,det-counterfactual,firing_employee,anticommonsense,PERMUTE,yes,yes,1,1,130,296,,Novita,stop,0,0.00013595,content,0.0,700
meta-llama/llama-3.3-70b-instruct,423,15378,RAW,fork,2,ate,candle,anticommonsense,PERMUTE,yes,no,0,1,107,98,,Novita,stop,0,5.3645e-05,content,0.0,700
meta-llama/llama-3.3-70b-instruct,424,15384,RAW,fork,2,ate,candle,anticommonsense,PERMUTE,yes,no,0,1,105,57,,Novita,stop,0,3.6975e-05,content,0.0,700
meta-llama/llama-3.3-70b-instruct,428,213,RAW,fork,2,ate,candle,easy,PERMUTE,yes,no,0,1,107,67,,Novita,stop,0,4.1245e-05,content,0.0,700
meta-llama/llama-3.3-70b-instruct,429,5691,RAW,fork,2,ate,getting_tanned,hard,PERMUTE,yes,yes,1,1,118,251,,Novita,stop,0,0.00011633,content,0.0,700
meta-llama/llama-3.3-70b-instruct,430,5533,RAW,fork,2,ate,forest_fire,hard,PERMUTE,yes,no,0,1,125,317,,Novita,stop,0,0.000143675,content,0.0,700
meta-llama/llama-3.3-70b-instruct,433,5667,RAW,fork,2,ate,getting_late,hard,PERMUTE,yes,no,0,1,110,84,,Novita,stop,0,4.845e-05,content,0.0,700
meta-llama/llama-3.3-70b-instruct,434,11391,RAW,fork,2,ate,getting_tanned,anticommonsense,PERMUTE,yes,no,0,1,114,187,,Novita,stop,0,9.019e-05,content,0.0,700
meta-llama/llama-3.3-70b-instruct,436,11089,RAW,fork,2,ate,forest_fire,anticommonsense,PERMUTE,no,no,1,1,123,90,,Novita,stop,0,5.2605e-05,content,0.0,700
meta-llama/llama-3.3-70b-instruct,437,962,RAW,fork,2,ate,getting_tanned,easy,PERMUTE,yes,yes,1,1,115,127,,Novita,stop,0,6.6325e-05,content,0.0,700
meta-llama/llama-3.3-70b-instruct,438,11217,RAW,fork,2,ate,getting_late,anticommonsense,PERMUTE,yes,yes,1,1,115,115,,Novita,stop,0,6.1525e-05,content,0.0,700
meta-llama/llama-3.3-70b-instruct,439,5789,RAW,fork,2,ate,getting_tanned,hard,PERMUTE,no,no,1,1,118,425,,Novita,stop,0,0.00018593,content,0.0,700
meta-llama/llama-3.3-70b-instruct,440,940,RAW,fork,3,ett,getting_tanned,easy,PERMUTE,no,no,1,1,137,393,,Novita,stop,0,0.000175695,content,0.0,700
meta-llama/llama-3.3-70b-instruct,441,20015,RAW,fork,3,det-counterfactual,forest_fire,anticommonsense,PERMUTE,yes,no,0,1,112,171,,Novita,stop,0,8.352e-05,content,0.0,700
meta-llama/llama-3.3-70b-instruct,442,5776,RAW,fork,3,ett,getting_tanned,hard,PERMUTE,no,yes,0,1,134,374,,Novita,stop,0,0.00016769,content,0.0,700
meta-llama/llama-3.3-70b-instruct,443,5724,RAW,fork,3,ett,getting_tanned,hard,PERMUTE,yes,yes,1,1,134,562,,Novita,stop,0,0.00024289,content,0.0,700
meta-llama/llama-3.3-70b-instruct,444,898,RAW,fork,3,ett,getting_late,easy,PERMUTE,yes,yes,1,1,125,167,,Novita,stop,0,8.3675e-05,content,0.0,700
meta-llama/llama-3.3-70b-instruct,445,15380,RAW,fork,3,ett,candle,anticommonsense,PERMUTE,no,yes,0,1,117,108,,Novita,stop,0,5.8995e-05,content,0.0,700
meta-llama/llama-3.3-70b-instruct,446,20031,RAW,fork,3,det-counterfactual,getting_late,anticommonsense,PERMUTE,no,no,1,1,104,326,,Novita,stop,0,0.00014444,content,0.0,700
meta-llama/llama-3.3-70b-instruct,447,20040,RAW,fork,3,det-counterfactual,getting_late,anticommonsense,PERMUTE,yes,yes,1,1,105,116,,Novita,stop,0,6.0575e-05,content,0.0,700
meta-llama/llama-3.3-70b-instruct,448,20033,RAW,fork,3,det-counterfactual,getting_late,anticommonsense,PERMUTE,no,no,1,1,106,255,,Novita,stop,0,0.00011631,content,0.0,700
meta-llama/llama-3.3-70b-instruct,449,734,RAW,fork,3,ett,forest_fire,easy,PERMUTE,no,no,1,1,139,226,,Novita,stop,0,0.000109165,content,0.0,700
meta-llama/llama-3.3-70b-instruct,450,20055,RAW,fork,3,det-counterfactual,getting_tanned,anticommonsense,PERMUTE,yes,no,0,1,109,103,,Novita,stop,0,5.5915e-05,content,0.0,700
meta-llama/llama-3.3-70b-instruct,451,11126,RAW,fork,3,ett,forest_fire,anticommonsense,PERMUTE,no,no,1,1,124,454,,Novita,stop,0,0.00019834,content,0.0,700
meta-llama/llama-3.3-70b-instruct,452,16087,RAW,fork,3,ett,getting_tanned,anticommonsense,PERMUTE,no,no,1,1,132,679,,Novita,stop,0,0.00028942,content,0.0,700
meta-llama/llama-3.3-70b-instruct,453,20010,RAW,fork,3,det-counterfactual,forest_fire,anticommonsense,PERMUTE,no,yes,0,1,119,115,,Novita,stop,0,6.2065e-05,content,0.0,700
meta-llama/llama-3.3-70b-instruct,454,19938,RAW,fork,3,det-counterfactual,candle,anticommonsense,PERMUTE,no,no,1,1,102,144,,Novita,stop,0,7.137e-05,content,0.0,700
meta-llama/llama-3.3-70b-instruct,455,9548,RAW,fork,3,det-counterfactual,candle,commonsense,PERMUTE,no,yes,0,1,103,487,,Novita,stop,0,0.000208705,content,0.0,700
meta-llama/llama-3.3-70b-instruct,456,19936,RAW,fork,3,det-counterfactual,candle,anticommonsense,PERMUTE,yes,yes,1,1,98,353,,Novita,stop,0,0.00015443,content,0.0,700
meta-llama/llama-3.3-70b-instruct,457,11115,RAW,fork,3,ett,forest_fire,anticommonsense,PERMUTE,no,no,1,1,136,245,,Novita,stop,0,0.00011636,content,0.0,700
meta-llama/llama-3.3-70b-instruct,458,5551,RAW,fork,3,ett,forest_fire,hard,PERMUTE,yes,yes,1,1,133,365,,Novita,stop,0,0.000163955,content,0.0,700
meta-llama/llama-3.3-70b-instruct,459,5689,RAW,fork,3,ett,getting_late,hard,PERMUTE,no,no,1,1,125,160,,Novita,stop,0,8.0875e-05,content,0.0,700
meta-llama/llama-3.3-70b-instruct,486,4302,RAW,frontdoor,2,ate,smoking_frontdoor,easy,PERMUTE,no,no,1,1,187,276,,Novita,stop,0,0.000135645,content,0.0,700
meta-llama/llama-3.3-70b-instruct,487,8951,RAW,frontdoor,2,ate,smoking_frontdoor,hard,PERMUTE,yes,no,0,1,187,246,,Novita,stop,0,0.000123645,content,0.0,700
meta-llama/llama-3.3-70b-instruct,488,19318,RAW,frontdoor,2,ate,smoking_frontdoor,anticommonsense,PERMUTE,no,no,1,1,183,384,,Novita,stop,0,0.000178305,content,0.0,700
meta-llama/llama-3.3-70b-instruct,489,14570,RAW,frontdoor,2,ate,smoking_frontdoor,anticommonsense,PERMUTE,yes,no,0,1,182,208,,Novita,stop,0,0.00010777,content,0.0,700
meta-llama/llama-3.3-70b-instruct,490,14676,RAW,frontdoor,2,ate,smoking_frontdoor,anticommonsense,PERMUTE,no,no,1,1,182,200,,Novita,stop,0,0.00010457,content,0.0,700
meta-llama/llama-3.3-70b-instruct,491,4171,RAW,frontdoor,2,ate,smoking_frontdoor,easy,PERMUTE,yes,no,0,1,176,274,,Novita,stop,0,0.00013336,content,0.0,700
meta-llama/llama-3.3-70b-instruct,492,14638,RAW,frontdoor,2,ate,smoking_frontdoor,anticommonsense,PERMUTE,yes,no,0,1,195,144,,Novita,stop,0,8.3925e-05,content,0.0,700
meta-llama/llama-3.3-70b-instruct,493,14591,RAW,frontdoor,2,ate,smoking_frontdoor,anticommonsense,PERMUTE,yes,no,0,1,178,222,,Novita,stop,0,0.00011283,content,0.0,700
meta-llama/llama-3.3-70b-instruct,494,8971,RAW,frontdoor,2,ate,smoking_frontdoor,hard,PERMUTE,yes,no,0,1,174,182,,Novita,stop,0,9.629e-05,content,0.0,700
meta-llama/llama-3.3-70b-instruct,497,4166,RAW,frontdoor,2,ate,smoking_frontdoor,easy,PERMUTE,yes,no,0,1,187,218,,Novita,stop,0,0.000112445,content,0.0,700
meta-llama/llama-3.3-70b-instruct,498,19368,RAW,frontdoor,2,ate,smoking_frontdoor,anticommonsense,PERMUTE,no,no,1,1,176,239,,Novita,stop,0,0.00011936,content,0.0,700
meta-llama/llama-3.3-70b-instruct,499,4274,RAW,frontdoor,2,ate,smoking_frontdoor,easy,PERMUTE,yes,no,0,1,174,481,,Novita,stop,0,0.00021589,content,0.0,700
meta-llama/llama-3.3-70b-instruct,500,10233,RAW,frontdoor,3,det-counterfactual,smoking_frontdoor,commonsense,PERMUTE,no,no,1,1,119,206,,Novita,stop,0,9.8465e-05,content,0.0,700
meta-llama/llama-3.3-70b-instruct,501,19352,RAW,frontdoor,3,nie,smoking_frontdoor,anticommonsense,PERMUTE,no,no,1,1,176,221,,Novita,stop,0,0.00011216,content,0.0,700
meta-llama/llama-3.3-70b-instruct,502,14577,RAW,frontdoor,3,ett,smoking_frontdoor,anticommonsense,PERMUTE,no,yes,0,1,176,223,,Novita,stop,0,0.00011296,content,0.0,700
meta-llama/llama-3.3-70b-instruct,503,4208,RAW,frontdoor,3,ett,smoking_frontdoor,easy,PERMUTE,no,no,1,1,176,412,,Novita,stop,0,0.00018856,content,0.0,700
meta-llama/llama-3.3-70b-instruct,504,14663,RAW,frontdoor,3,nie,smoking_frontdoor,anticommonsense,PERMUTE,no,no,1,1,181,186,,Novita,stop,0,9.8835e-05,content,0.0,700
meta-llama/llama-3.3-70b-instruct,505,10239,RAW,frontdoor,3,det-counterfactual,smoking_frontdoor,commonsense,PERMUTE,yes,yes,1,1,118,127,,Novita,stop,0,6.673e-05,content,0.0,700
meta-llama/llama-3.3-70b-instruct,506,14565,RAW,frontdoor,3,nie,smoking_frontdoor,anticommonsense,PERMUTE,yes,no,0,1,178,236,,Novita,stop,0,0.00011843,content,0.0,700
meta-llama/llama-3.3-70b-instruct,507,4220,RAW,frontdoor,3,ett,smoking_frontdoor,easy,PERMUTE,no,no,1,1,176,401,,Novita,stop,0,0.00018416,content,0.0,700
meta-llama/llama-3.3-70b-instruct,508,14593,RAW,frontdoor,3,nie,smoking_frontdoor,anticommonsense,PERMUTE,no,no,1,1,190,165,,Novita,stop,0,9.165e-05,content,0.0,700
meta-llama/llama-3.3-70b-instruct,509,14660,RAW,frontdoor,3,nie,smoking_frontdoor,anticommonsense,PERMUTE,no,no,1,1,195,181,,Novita,stop,0,9.8725e-05,content,0.0,700
meta-llama/llama-3.3-70b-instruct,510,8972,RAW,frontdoor,3,nie,smoking_frontdoor,hard,PERMUTE,yes,no,0,1,174,261,,Novita,stop,0,0.00012789,content,0.0,700
meta-llama/llama-3.3-70b-instruct,511,10227,RAW,frontdoor,3,det-counterfactual,smoking_frontdoor,commonsense,PERMUTE,no,no,1,1,112,221,,Novita,stop,0,0.00010352,content,0.0,700
meta-llama/llama-3.3-70b-instruct,512,14689,RAW,frontdoor,3,ett,smoking_frontdoor,anticommonsense,PERMUTE,yes,yes,1,1,186,343,,Novita,stop,0,0.00016231,content,0.0,700
meta-llama/llama-3.3-70b-instruct,513,14619,RAW,frontdoor,3,nie,smoking_frontdoor,anticommonsense,PERMUTE,no,no,1,1,190,164,,Novita,stop,0,9.125e-05,content,0.0,700
meta-llama/llama-3.3-70b-instruct,514,9048,RAW,frontdoor,3,ett,smoking_frontdoor,hard,PERMUTE,yes,no,0,1,176,598,,Novita,stop,0,0.00026296,content,0.0,700
meta-llama/llama-3.3-70b-instruct,515,19332,RAW,frontdoor,3,ett,smoking_frontdoor,anticommonsense,PERMUTE,yes,no,0,1,177,700,,Novita,length,0,0.000303895,content,0.0,700
meta-llama/llama-3.3-70b-instruct,516,10238,RAW,frontdoor,3,det-counterfactual,smoking_frontdoor,commonsense,PERMUTE,no,no,1,1,119,301,,Novita,stop,0,0.000136465,content,0.0,700
meta-llama/llama-3.3-70b-instruct,517,4270,RAW,frontdoor,3,ett,smoking_frontdoor,easy,PERMUTE,no,yes,0,1,176,491,,Novita,stop,0,0.00022016,content,0.0,700
meta-llama/llama-3.3-70b-instruct,518,20640,RAW,frontdoor,3,det-counterfactual,smoking_frontdoor,anticommonsense,PERMUTE,no,no,1,1,120,158,,Novita,stop,0,7.94e-05,content,0.0,700
meta-llama/llama-3.3-70b-instruct,519,14623,RAW,frontdoor,3,nie,smoking_frontdoor,anticommonsense,PERMUTE,yes,no,0,1,186,124,,Novita,stop,0,7.471e-05,content,0.0,700
meta-llama/llama-3.3-70b-instruct,542,2255,RAW,mediation,2,ate,gender_admission,easy,PERMUTE,yes,no,0,1,103,228,,Novita,stop,0,0.000105105,content,0.0,700
meta-llama/llama-3.3-70b-instruct,543,3030,RAW,mediation,2,ate,neg_mediation,easy,PERMUTE,yes,no,0,1,96,195,,Novita,stop,0,9.096e-05,content,0.0,700
meta-llama/llama-3.3-70b-instruct,544,12563,RAW,mediation,2,ate,gender_admission,anticommonsense,PERMUTE,yes,no,0,1,103,366,,Novita,stop,0,0.000160305,content,0.0,700
meta-llama/llama-3.3-70b-instruct,548,11462,RAW,mediation,2,ate,penguin,anticommonsense,PERMUTE,no,no,1,1,112,79,,Novita,stop,0,4.672e-05,content,0.0,700
meta-llama/llama-3.3-70b-instruct,551,15255,RAW,mediation,2,ate,alarm,anticommonsense,PERMUTE,no,no,1,1,112,192,,Novita,stop,0,9.192e-05,content,0.0,700
meta-llama/llama-3.3-70b-instruct,553,12561,RAW,mediation,2,ate,gender_admission,anticommonsense,PERMUTE,no,no,1,1,103,195,,Novita,stop,0,9.1905e-05,content,0.0,700
meta-llama/llama-3.3-70b-instruct,556,2164,RAW,mediation,2,ate,gender_admission,easy,PERMUTE,no,no,1,1,103,215,,Novita,stop,0,9.9905e-05,content,0.0,700
meta-llama/llama-3.3-70b-instruct,558,6947,RAW,mediation,2,ate,gender_admission,hard,PERMUTE,no,no,1,1,103,234,,Novita,stop,0,0.000107505,content,0.0,700
meta-llama/llama-3.3-70b-instruct,560,17335,RAW,mediation,3,nie,gender_admission,anticommonsense,PERMUTE,yes,no,0,1,210,657,,Novita,stop,0,0.00029115,content,0.0,700
meta-llama/llama-3.3-70b-instruct,561,1071,RAW,mediation,3,ett,penguin,easy,PERMUTE,yes,yes,1,1,126,91,,Novita,stop,0,5.341e-05,content,0.0,700
meta-llama/llama-3.3-70b-instruct,562,12465,RAW,mediation,3,nie,encouagement_program,anticommonsense,PERMUTE,yes,no,0,1,184,285,,Novita,stop,0,0.00013884,content,0.0,700
meta-llama/llama-3.3-70b-instruct,563,9850,RAW,mediation,3,det-counterfactual,gender_admission,commonsense,PERMUTE,no,no,1,1,95,156,,Novita,stop,0,7.5225e-05,content,0.0,700
meta-llama/llama-3.3-70b-instruct,564,6984,RAW,mediation,3,nie,gender_admission,hard,PERMUTE,no,yes,0,1,193,365,,Novita,stop,0,0.000172055,content,0.0,700
meta-llama/llama-3.3-70b-instruct,565,21,RAW,mediation,3,nie,alarm,easy,PERMUTE,no,no,1,1,219,468,,Novita,stop,0,0.000216765,content,0.0,700
meta-llama/llama-3.3-70b-instruct,566,9708,RAW,mediation,3,det-counterfactual,blood_pressure,commonsense,PERMUTE,yes,yes,1,1,97,89,,Novita,stop,0,4.8695e-05,content,0.0,700
meta-llama/llama-3.3-70b-instruct,567,12508,RAW,mediation,3,nie,encouagement_program,anticommonsense,PERMUTE,no,no,1,1,190,389,,Novita,stop,0,0.00018125,content,0.0,700
meta-llama/llama-3.3-70b-instruct,568,9525,RAW,mediation,3,det-counterfactual,alarm,commonsense,PERMUTE,no,no,1,1,105,287,,Novita,stop,0,0.000128975,content,0.0,700
meta-llama/llama-3.3-70b-instruct,569,1439,RAW,mediation,3,nie,blood_pressure,easy,PERMUTE,no,yes,0,1,184,470,,Novita,stop,0,0.00021284,content,0.0,700
meta-llama/llama-3.3-70b-instruct,570,1011,RAW,mediation,3,ett,penguin,easy,PERMUTE,no,no,1,1,126,123,,Novita,stop,0,6.621e-05,content,0.0,700
meta-llama/llama-3.3-70b-instruct,571,17408,RAW,mediation,3,nde,gender_admission,anticommonsense,PERMUTE,yes,no,0,1,217,604,,Novita,stop,0,0.000270895,content,0.0,700
meta-llama/llama-3.3-70b-instruct,572,32,RAW,mediation,3,ett,alarm,easy,PERMUTE,yes,yes,1,1,131,143,,Novita,stop,0,7.4885e-05,content,0.0,700
meta-llama/llama-3.3-70b-instruct,573,6200,RAW,mediation,3,nie,blood_pressure,hard,PERMUTE,yes,yes,1,1,184,358,,Novita,stop,0,0.00016804,content,0.0,700
meta-llama/llama-3.3-70b-instruct,574,20355,RAW,mediation,3,det-counterfactual,neg_mediation,anticommonsense,PERMUTE,yes,yes,1,1,109,241,,Novita,stop,0,0.000111115,content,0.0,700
meta-llama/llama-3.3-70b-instruct,575,10417,RAW,mediation,3,ett,alarm,anticommonsense,PERMUTE,no,no,1,1,123,94,,Novita,stop,0,5.4205e-05,content,0.0,700
meta-llama/llama-3.3-70b-instruct,576,16215,RAW,mediation,3,ett,penguin,anticommonsense,PERMUTE,yes,yes,1,1,126,118,,Novita,stop,0,6.421e-05,content,0.0,700
meta-llama/llama-3.3-70b-instruct,577,20243,RAW,mediation,3,det-counterfactual,gender_admission,anticommonsense,PERMUTE,yes,yes,1,1,102,105,,Novita,stop,0,5.577e-05,content,0.0,700
meta-llama/llama-3.3-70b-instruct,578,9843,RAW,mediation,3,det-counterfactual,gender_admission,commonsense,PERMUTE,no,yes,0,1,95,347,,Novita,stop,0,0.000151625,content,0.0,700
meta-llama/llama-3.3-70b-instruct,579,3002,RAW,mediation,3,nie,neg_mediation,easy,PERMUTE,yes,no,0,1,167,467,,Novita,stop,0,0.000209345,content,0.0,700
