lexicon,group,cond,route,gold,reference,harm_pp,ci_lo,ci_hi,p_boot,p_min_seeds,p_max_seeds,n_draws,n_items
KEEP,estimand kept,all,all,all,ORACLE,1.23,-2.16,4.94,0.5235,0.508,0.531,108,108
KEEP,estimand kept,all,all,all,RAW,5.86,1.85,10.19,0.006,0.0035,0.006,108,108
KEEP,estimand kept,DR_k1,all,all,ORACLE,1.23,-2.16,4.94,0.5235,0.508,0.531,108,108
KEEP,estimand kept,DR_k1,all,all,RAW,5.86,1.85,10.19,0.006,0.0035,0.006,108,108
KEEP,estimand kept,all,backdoor,all,ORACLE,1.23,-2.16,4.94,0.5235,0.508,0.531,108,108
KEEP,estimand kept,all,backdoor,all,RAW,5.86,1.85,10.19,0.006,0.0035,0.006,108,108
KEEP,estimand kept,all,backdoor,yes,ORACLE,2.61,-4.58,9.8,0.482,0.482,0.5085,51,51
KEEP,estimand kept,all,backdoor,yes,RAW,9.8,2.29,17.97,0.0055,0.0055,0.008,51,51
KEEP,estimand kept,all,backdoor,no,ORACLE,0.0,-2.34,2.34,1.0,1.0,1.0,57,57
KEEP,estimand kept,all,backdoor,no,RAW,2.34,-1.17,6.43,0.283,0.2715,0.3015,57,57
KEEP,estimand kept,all,all,yes,ORACLE,2.61,-4.58,9.8,0.482,0.482,0.5085,51,51
KEEP,estimand kept,all,all,yes,RAW,9.8,2.29,17.97,0.0055,0.0055,0.008,51,51
KEEP,estimand kept,all,all,no,ORACLE,0.0,-2.34,2.34,1.0,1.0,1.0,57,57
KEEP,estimand kept,all,all,no,RAW,2.34,-1.17,6.43,0.283,0.2715,0.3015,57,57
KEEP,"estimand changed, answer kept",all,all,all,ORACLE,0.1,-1.65,2.0,0.9325,0.9245,0.9505,817,400
KEEP,"estimand changed, answer kept",all,all,all,RAW,2.47,0.16,4.81,0.0395,0.032,0.0435,817,400
KEEP,"estimand changed, answer kept",DR_k1,all,all,ORACLE,-1.15,-3.63,1.4,0.367,0.367,0.408,262,262
KEEP,"estimand changed, answer kept",DR_k1,all,all,RAW,1.02,-2.16,4.26,0.5375,0.5375,0.565,262,262
KEEP,"estimand changed, answer kept",DR_k2,all,all,ORACLE,-0.82,-3.59,1.91,0.561,0.5515,0.565,306,306
KEEP,"estimand changed, answer kept",DR_k2,all,all,RAW,0.65,-2.34,3.76,0.666,0.666,0.692,306,306
KEEP,"estimand changed, answer kept",DR_k3,all,all,ORACLE,2.54,-0.27,5.29,0.072,0.072,0.0845,249,249
KEEP,"estimand changed, answer kept",DR_k3,all,all,RAW,6.22,3.21,9.37,0.0005,0.0005,0.0005,249,249
KEEP,"estimand changed, answer kept",all,no path,all,ORACLE,1.8,-0.53,4.11,0.123,0.123,0.14,473,255
KEEP,"estimand changed, answer kept",all,no path,all,RAW,4.4,1.71,7.2,0.0005,0.0005,0.0025,473,255
KEEP,"estimand changed, answer kept",all,no path,no,ORACLE,1.8,-0.53,4.11,0.123,0.123,0.14,473,255
KEEP,"estimand changed, answer kept",all,no path,no,RAW,4.4,1.71,7.2,0.0005,0.0005,0.0025,473,255
KEEP,"estimand changed, answer kept",all,backdoor,all,ORACLE,-2.23,-4.89,0.48,0.1065,0.094,0.107,344,246
KEEP,"estimand changed, answer kept",all,backdoor,all,RAW,-0.19,-3.81,3.57,0.9155,0.8965,0.9155,344,246
KEEP,"estimand changed, answer kept",all,backdoor,yes,ORACLE,-2.03,-6.24,2.25,0.333,0.329,0.361,189,132
KEEP,"estimand changed, answer kept",all,backdoor,yes,RAW,3.0,-3.37,9.18,0.351,0.3175,0.3595,189,132
KEEP,"estimand changed, answer kept",all,backdoor,no,ORACLE,-2.47,-5.66,0.57,0.116,0.116,0.13,155,114
KEEP,"estimand changed, answer kept",all,backdoor,no,RAW,-4.09,-7.79,-0.43,0.03,0.027,0.037,155,114
KEEP,"estimand changed, answer kept",all,all,yes,ORACLE,-2.03,-6.24,2.25,0.333,0.329,0.361,189,132
KEEP,"estimand changed, answer kept",all,all,yes,RAW,3.0,-3.37,9.18,0.351,0.3175,0.3595,189,132
KEEP,"estimand changed, answer kept",all,all,no,ORACLE,0.74,-1.29,2.72,0.482,0.448,0.495,628,268
KEEP,"estimand changed, answer kept",all,all,no,RAW,2.31,0.0,4.85,0.05,0.05,0.07,628,268
KEEP,answer changed,all,all,all,ORACLE,-24.62,-28.58,-20.6,0.0005,0.0005,0.0005,572,303
KEEP,answer changed,all,all,all,RAW,-26.81,-31.65,-22.14,0.0005,0.0005,0.0005,572,303
KEEP,answer changed,DR_k1,all,all,ORACLE,-18.67,-24.47,-12.66,0.0005,0.0005,0.0005,158,158
KEEP,answer changed,DR_k1,all,all,RAW,-22.47,-28.8,-16.35,0.0005,0.0005,0.0005,158,158
KEEP,answer changed,DR_k2,all,all,ORACLE,-27.0,-32.1,-21.98,0.0005,0.0005,0.0005,229,229
KEEP,answer changed,DR_k2,all,all,RAW,-26.71,-32.53,-21.11,0.0005,0.0005,0.0005,229,229
KEEP,answer changed,DR_k3,all,all,ORACLE,-26.76,-32.34,-20.99,0.0005,0.0005,0.0005,185,185
KEEP,answer changed,DR_k3,all,all,RAW,-30.63,-37.21,-23.96,0.0005,0.0005,0.0005,185,185
KEEP,answer changed,all,no path,all,ORACLE,-30.45,-34.93,-25.98,0.0005,0.0005,0.0005,457,258
KEEP,answer changed,all,no path,all,RAW,-31.95,-37.33,-26.52,0.0005,0.0005,0.0005,457,258
KEEP,answer changed,all,no path,yes,ORACLE,-30.45,-34.93,-25.98,0.0005,0.0005,0.0005,457,258
KEEP,answer changed,all,no path,yes,RAW,-31.95,-37.33,-26.52,0.0005,0.0005,0.0005,457,258
KEEP,answer changed,all,backdoor,all,ORACLE,-1.45,-7.0,4.24,0.639,0.613,0.657,115,91
KEEP,answer changed,all,backdoor,all,RAW,-6.38,-12.75,0.29,0.0595,0.0535,0.0595,115,91
KEEP,answer changed,all,backdoor,yes,ORACLE,-6.21,-16.13,3.51,0.226,0.205,0.2295,59,47
KEEP,answer changed,all,backdoor,yes,RAW,-17.51,-26.11,-8.93,0.0005,0.0005,0.0005,59,47
KEEP,answer changed,all,backdoor,no,ORACLE,3.57,-1.21,9.26,0.19,0.19,0.219,56,44
KEEP,answer changed,all,backdoor,no,RAW,5.36,-1.85,13.69,0.162,0.162,0.186,56,44
KEEP,answer changed,all,all,yes,ORACLE,-27.68,-32.21,-23.13,0.0005,0.0005,0.0005,516,259
KEEP,answer changed,all,all,yes,RAW,-30.3,-35.41,-25.1,0.0005,0.0005,0.0005,516,259
KEEP,answer changed,all,all,no,ORACLE,3.57,-1.21,9.26,0.19,0.19,0.219,56,44
KEEP,answer changed,all,all,no,RAW,5.36,-1.85,13.69,0.162,0.162,0.186,56,44
PSEUDO,estimand kept,all,all,all,ORACLE,0.47,-4.36,5.14,0.8415,0.83,0.851,107,107
PSEUDO,estimand kept,all,all,all,RAW,-1.25,-8.72,6.39,0.753,0.7405,0.7565,107,107
PSEUDO,estimand kept,DR_k1,all,all,ORACLE,0.47,-4.36,5.14,0.8415,0.83,0.851,107,107
PSEUDO,estimand kept,DR_k1,all,all,RAW,-1.25,-8.72,6.39,0.753,0.7405,0.7565,107,107
PSEUDO,estimand kept,all,backdoor,all,ORACLE,0.47,-4.36,5.14,0.8415,0.83,0.851,107,107
PSEUDO,estimand kept,all,backdoor,all,RAW,-1.25,-8.72,6.39,0.753,0.7405,0.7565,107,107
PSEUDO,estimand kept,all,backdoor,yes,ORACLE,2.61,-3.59,8.82,0.4485,0.403,0.4485,51,51
PSEUDO,estimand kept,all,backdoor,yes,RAW,17.65,9.15,26.14,0.0005,0.0005,0.0005,51,51
PSEUDO,estimand kept,all,backdoor,no,ORACLE,-1.49,-8.33,5.06,0.6965,0.6815,0.7195,56,56
PSEUDO,estimand kept,all,backdoor,no,RAW,-18.45,-29.17,-8.33,0.0005,0.0005,0.0005,56,56
PSEUDO,estimand kept,all,all,yes,ORACLE,2.61,-3.59,8.82,0.4485,0.403,0.4485,51,51
PSEUDO,estimand kept,all,all,yes,RAW,17.65,9.15,26.14,0.0005,0.0005,0.0005,51,51
PSEUDO,estimand kept,all,all,no,ORACLE,-1.49,-8.33,5.06,0.6965,0.6815,0.7195,56,56
PSEUDO,estimand kept,all,all,no,RAW,-18.45,-29.17,-8.33,0.0005,0.0005,0.0005,56,56
PSEUDO,"estimand changed, answer kept",all,all,all,ORACLE,2.22,-0.18,4.55,0.0725,0.0615,0.073,827,404
PSEUDO,"estimand changed, answer kept",all,all,all,RAW,2.82,-0.12,5.9,0.0585,0.055,0.066,826,403
PSEUDO,"estimand changed, answer kept",DR_k1,all,all,ORACLE,-0.94,-4.24,2.31,0.5875,0.544,0.5875,267,267
PSEUDO,"estimand changed, answer kept",DR_k1,all,all,RAW,5.64,1.32,9.96,0.009,0.009,0.013,266,266
PSEUDO,"estimand changed, answer kept",DR_k2,all,all,ORACLE,2.21,-0.59,5.29,0.1345,0.1225,0.1385,309,309
PSEUDO,"estimand changed, answer kept",DR_k2,all,all,RAW,1.62,-2.05,5.29,0.3915,0.38,0.396,309,309
PSEUDO,"estimand changed, answer kept",DR_k3,all,all,ORACLE,5.58,1.86,9.43,0.0025,0.0015,0.0055,251,251
PSEUDO,"estimand changed, answer kept",DR_k3,all,all,RAW,1.33,-2.26,4.85,0.4925,0.4605,0.4925,251,251
PSEUDO,"estimand changed, answer kept",all,no path,all,ORACLE,4.34,1.09,7.59,0.0105,0.007,0.0135,476,255
PSEUDO,"estimand changed, answer kept",all,no path,all,RAW,-1.33,-4.01,1.35,0.3205,0.3205,0.335,476,255
PSEUDO,"estimand changed, answer kept",all,no path,no,ORACLE,4.34,1.09,7.59,0.0105,0.007,0.0135,476,255
PSEUDO,"estimand changed, answer kept",all,no path,no,RAW,-1.33,-4.01,1.35,0.3205,0.3205,0.335,476,255
PSEUDO,"estimand changed, answer kept",all,backdoor,all,ORACLE,-0.66,-3.62,2.37,0.6525,0.6355,0.6595,351,250
PSEUDO,"estimand changed, answer kept",all,backdoor,all,RAW,8.48,2.95,13.67,0.003,0.0005,0.004,350,249
PSEUDO,"estimand changed, answer kept",all,backdoor,yes,ORACLE,-1.62,-5.75,2.37,0.428,0.4215,0.446,195,136
PSEUDO,"estimand changed, answer kept",all,backdoor,yes,RAW,24.14,17.52,30.66,0.0005,0.0005,0.0005,194,135
PSEUDO,"estimand changed, answer kept",all,backdoor,no,ORACLE,0.53,-3.59,4.79,0.808,0.7995,0.8175,156,114
PSEUDO,"estimand changed, answer kept",all,backdoor,no,RAW,-11.0,-17.83,-4.78,0.001,0.0005,0.001,156,114
PSEUDO,"estimand changed, answer kept",all,all,yes,ORACLE,-1.62,-5.75,2.37,0.428,0.4215,0.446,195,136
PSEUDO,"estimand changed, answer kept",all,all,yes,RAW,24.14,17.52,30.66,0.0005,0.0005,0.0005,194,135
PSEUDO,"estimand changed, answer kept",all,all,no,ORACLE,3.4,0.56,6.28,0.0155,0.013,0.02,632,268
PSEUDO,"estimand changed, answer kept",all,all,no,RAW,-3.72,-6.67,-0.87,0.01,0.0085,0.016,632,268
PSEUDO,answer changed,all,all,all,ORACLE,-22.57,-26.94,-18.22,0.0005,0.0005,0.0005,576,308
PSEUDO,answer changed,all,all,all,RAW,-7.01,-11.1,-3.0,0.0005,0.0005,0.001,575,308
PSEUDO,answer changed,DR_k1,all,all,ORACLE,-13.21,-19.39,-6.39,0.0005,0.0005,0.0005,159,159
PSEUDO,answer changed,DR_k1,all,all,RAW,1.26,-3.98,6.92,0.642,0.6305,0.6675,159,159
PSEUDO,answer changed,DR_k2,all,all,ORACLE,-24.2,-29.42,-19.13,0.0005,0.0005,0.0005,230,230
PSEUDO,answer changed,DR_k2,all,all,RAW,-8.15,-12.88,-3.64,0.0005,0.0005,0.001,229,229
PSEUDO,answer changed,DR_k3,all,all,ORACLE,-28.52,-34.14,-22.82,0.0005,0.0005,0.0005,187,187
PSEUDO,answer changed,DR_k3,all,all,RAW,-12.66,-17.83,-7.49,0.0005,0.0005,0.0005,187,187
PSEUDO,answer changed,all,no path,all,ORACLE,-29.31,-34.54,-24.26,0.0005,0.0005,0.0005,460,260
PSEUDO,answer changed,all,no path,all,RAW,-11.07,-15.58,-6.76,0.0005,0.0005,0.0005,459,260
PSEUDO,answer changed,all,no path,yes,ORACLE,-29.31,-34.54,-24.26,0.0005,0.0005,0.0005,460,260
PSEUDO,answer changed,all,no path,yes,RAW,-11.07,-15.58,-6.76,0.0005,0.0005,0.0005,459,260
PSEUDO,answer changed,all,backdoor,all,ORACLE,4.17,-0.58,9.28,0.0975,0.091,0.1085,116,93
PSEUDO,answer changed,all,backdoor,all,RAW,9.05,2.92,15.4,0.002,0.001,0.0045,116,93
PSEUDO,answer changed,all,backdoor,yes,ORACLE,-0.29,-6.67,6.21,0.9415,0.922,0.955,58,46
PSEUDO,answer changed,all,backdoor,yes,RAW,10.63,0.28,20.77,0.046,0.042,0.0495,58,46
PSEUDO,answer changed,all,backdoor,no,ORACLE,8.62,1.75,16.94,0.0095,0.0075,0.011,58,47
PSEUDO,answer changed,all,backdoor,no,RAW,7.47,0.88,14.08,0.0295,0.0225,0.0295,58,47
PSEUDO,answer changed,all,all,yes,ORACLE,-26.06,-30.57,-21.3,0.0005,0.0005,0.0005,518,261
PSEUDO,answer changed,all,all,yes,RAW,-8.64,-12.93,-4.42,0.0005,0.0005,0.0005,517,261
PSEUDO,answer changed,all,all,no,ORACLE,8.62,1.75,16.94,0.0095,0.0075,0.011,58,47
PSEUDO,answer changed,all,all,no,RAW,7.47,0.88,14.08,0.0295,0.0225,0.0295,58,47
both,estimand kept,all,all,all,ORACLE,0.85,-1.93,3.63,0.543,0.5385,0.5525,108,108
both,estimand kept,all,all,all,RAW,2.31,-1.85,6.56,0.279,0.279,0.302,108,108
both,estimand kept,DR_k1,all,all,ORACLE,0.85,-1.93,3.63,0.543,0.5385,0.5525,108,108
both,estimand kept,DR_k1,all,all,RAW,2.31,-1.85,6.56,0.279,0.279,0.302,108,108
both,estimand kept,all,backdoor,all,ORACLE,0.85,-1.93,3.63,0.543,0.5385,0.5525,108,108
both,estimand kept,all,backdoor,all,RAW,2.31,-1.85,6.56,0.279,0.279,0.302,108,108
both,estimand kept,all,backdoor,yes,ORACLE,2.61,-1.96,7.03,0.2595,0.237,0.2645,51,51
both,estimand kept,all,backdoor,yes,RAW,13.73,8.5,19.28,0.0005,0.0005,0.0005,51,51
both,estimand kept,all,backdoor,no,ORACLE,-0.73,-4.09,2.49,0.6775,0.652,0.6975,57,57
both,estimand kept,all,backdoor,no,RAW,-7.89,-13.45,-2.63,0.003,0.0015,0.003,57,57
both,estimand kept,all,all,yes,ORACLE,2.61,-1.96,7.03,0.2595,0.237,0.2645,51,51
both,estimand kept,all,all,yes,RAW,13.73,8.5,19.28,0.0005,0.0005,0.0005,51,51
both,estimand kept,all,all,no,ORACLE,-0.73,-4.09,2.49,0.6775,0.652,0.6975,57,57
both,estimand kept,all,all,no,RAW,-7.89,-13.45,-2.63,0.003,0.0015,0.003,57,57
both,"estimand changed, answer kept",all,all,all,ORACLE,1.19,-0.31,2.74,0.1255,0.119,0.1295,829,405
both,"estimand changed, answer kept",all,all,all,RAW,2.53,0.69,4.42,0.0065,0.006,0.008,829,405
both,"estimand changed, answer kept",DR_k1,all,all,ORACLE,-1.03,-3.11,1.12,0.3445,0.327,0.346,268,268
both,"estimand changed, answer kept",DR_k1,all,all,RAW,3.2,0.62,5.72,0.0165,0.011,0.021,268,268
both,"estimand changed, answer kept",DR_k2,all,all,ORACLE,0.7,-1.32,2.72,0.499,0.498,0.5125,309,309
both,"estimand changed, answer kept",DR_k2,all,all,RAW,0.97,-1.48,3.34,0.4015,0.4015,0.443,309,309
both,"estimand changed, answer kept",DR_k3,all,all,ORACLE,4.13,1.79,6.58,0.0005,0.0005,0.0015,252,252
both,"estimand changed, answer kept",DR_k3,all,all,RAW,3.74,1.39,6.22,0.0005,0.0005,0.004,252,252
both,"estimand changed, answer kept",all,no path,all,ORACLE,3.11,1.07,5.09,0.0025,0.002,0.0035,477,256
both,"estimand changed, answer kept",all,no path,all,RAW,1.52,-0.3,3.44,0.1125,0.108,0.122,477,256
both,"estimand changed, answer kept",all,no path,no,ORACLE,3.11,1.07,5.09,0.0025,0.002,0.0035,477,256
both,"estimand changed, answer kept",all,no path,no,RAW,1.52,-0.3,3.44,0.1125,0.108,0.122,477,256
both,"estimand changed, answer kept",all,backdoor,all,ORACLE,-1.42,-3.48,0.63,0.1805,0.163,0.188,352,250
both,"estimand changed, answer kept",all,backdoor,all,RAW,3.91,0.5,7.31,0.0235,0.0195,0.0265,352,250
both,"estimand changed, answer kept",all,backdoor,yes,ORACLE,-1.79,-4.73,1.06,0.2245,0.2195,0.238,195,136
both,"estimand changed, answer kept",all,backdoor,yes,RAW,13.08,8.6,17.47,0.0005,0.0005,0.0005,195,136
both,"estimand changed, answer kept",all,backdoor,no,ORACLE,-0.96,-3.87,1.88,0.5145,0.5135,0.5305,157,114
both,"estimand changed, answer kept",all,backdoor,no,RAW,-7.48,-11.48,-3.7,0.0005,0.0005,0.0005,157,114
both,"estimand changed, answer kept",all,all,yes,ORACLE,-1.79,-4.73,1.06,0.2245,0.2195,0.238,195,136
both,"estimand changed, answer kept",all,all,yes,RAW,13.08,8.6,17.47,0.0005,0.0005,0.0005,195,136
both,"estimand changed, answer kept",all,all,no,ORACLE,2.1,0.37,3.86,0.0155,0.0155,0.023,634,269
both,"estimand changed, answer kept",all,all,no,RAW,-0.71,-2.55,1.12,0.4555,0.434,0.4875,634,269
both,answer changed,all,all,all,ORACLE,-23.25,-26.84,-19.83,0.0005,0.0005,0.0005,581,310
both,answer changed,all,all,all,RAW,-16.44,-19.79,-13.08,0.0005,0.0005,0.0005,581,310
both,answer changed,DR_k1,all,all,ORACLE,-15.48,-20.45,-10.3,0.0005,0.0005,0.0005,161,161
both,answer changed,DR_k1,all,all,RAW,-9.89,-14.65,-5.02,0.0005,0.0005,0.0005,161,161
both,answer changed,DR_k2,all,all,ORACLE,-25.21,-29.36,-21.21,0.0005,0.0005,0.0005,233,233
both,answer changed,DR_k2,all,all,RAW,-16.92,-20.85,-13.09,0.0005,0.0005,0.0005,233,233
both,answer changed,DR_k3,all,all,ORACLE,-27.5,-32.0,-22.86,0.0005,0.0005,0.0005,187,187
both,answer changed,DR_k3,all,all,RAW,-21.48,-25.67,-17.29,0.0005,0.0005,0.0005,187,187
both,answer changed,all,no path,all,ORACLE,-29.61,-33.62,-25.8,0.0005,0.0005,0.0005,461,260
both,answer changed,all,no path,all,RAW,-21.29,-24.93,-17.6,0.0005,0.0005,0.0005,461,260
both,answer changed,all,no path,yes,ORACLE,-29.61,-33.62,-25.8,0.0005,0.0005,0.0005,461,260
both,answer changed,all,no path,yes,RAW,-21.29,-24.93,-17.6,0.0005,0.0005,0.0005,461,260
both,answer changed,all,backdoor,all,ORACLE,1.18,-2.48,5.44,0.5545,0.551,0.5755,120,96
both,answer changed,all,backdoor,all,RAW,2.22,-2.31,6.81,0.337,0.3365,0.3605,120,96
both,answer changed,all,backdoor,yes,ORACLE,-3.53,-9.09,2.36,0.225,0.225,0.2445,59,47
both,answer changed,all,backdoor,yes,RAW,-3.81,-10.88,3.57,0.303,0.2895,0.303,59,47
both,answer changed,all,backdoor,no,ORACLE,5.74,1.45,11.72,0.0045,0.0035,0.0065,61,49
both,answer changed,all,backdoor,no,RAW,8.06,2.63,13.8,0.002,0.001,0.003,61,49
both,answer changed,all,all,yes,ORACLE,-26.65,-30.34,-23.01,0.0005,0.0005,0.0005,520,261
both,answer changed,all,all,yes,RAW,-19.31,-22.8,-15.76,0.0005,0.0005,0.0005,520,261
both,answer changed,all,all,no,ORACLE,5.74,1.45,11.72,0.0045,0.0035,0.0065,61,49
both,answer changed,all,all,no,RAW,8.06,2.63,13.8,0.002,0.001,0.003,61,49
