query_group,sample,lexicon,cond,delta_pp,ci_lo,ci_hi,p_boot,n_items,survives_BH
causal,lex,KEEP,ORACLE,-5.04,-12.4,2.33,0.1825,86,False
causal,lex,KEEP,PROSE,-3.73,-9.8,2.55,0.2435,85,False
causal,lex,KEEP,DR_k1,-8.72,-15.5,-2.13,0.0085,86,True
backadj,lex,KEEP,ORACLE,33.33,20.83,46.87,0.0005,32,True
backadj,lex,KEEP,PROSE,21.88,10.42,33.33,0.0005,32,True
backadj,lex,KEEP,DR_k1,11.46,-6.25,29.17,0.2205,32,False
rung1_arith,lex,KEEP,ORACLE,0.6,-1.19,2.38,0.794,56,False
rung1_arith,lex,KEEP,PROSE,-0.6,-2.98,1.79,0.8215,56,False
rung1_arith,lex,KEEP,DR_k1,-1.19,-4.17,1.79,0.5825,56,False
causal,lex,PSEUDO,ORACLE,7.75,-0.39,16.09,0.0645,86,False
causal,lex,PSEUDO,PROSE,9.69,2.33,17.25,0.009,86,True
causal,lex,PSEUDO,DR_k1,-0.58,-8.14,7.17,0.873,86,False
backadj,lex,PSEUDO,ORACLE,34.37,23.96,44.79,0.0005,32,True
backadj,lex,PSEUDO,PROSE,18.75,6.25,31.25,0.0045,32,True
backadj,lex,PSEUDO,DR_k1,9.38,-7.29,26.04,0.294,32,False
rung1_arith,lex,PSEUDO,ORACLE,1.79,-3.57,7.74,0.544,56,False
rung1_arith,lex,PSEUDO,PROSE,4.76,0.6,8.93,0.027,56,False
rung1_arith,lex,PSEUDO,DR_k1,0.3,-4.76,5.36,0.9245,56,False
causal,n600,KEEP,ORACLE,-0.17,-3.79,3.33,0.906,290,False
causal,n600,KEEP,PROSE,0.86,-2.07,3.97,0.567,290,False
causal,n600,KEEP,DR_k1,-6.11,-9.92,-2.42,0.002,289,True
backadj,n600,KEEP,ORACLE,38.05,30.3,45.79,0.0005,99,True
backadj,n600,KEEP,PROSE,23.91,17.17,30.64,0.0005,99,True
backadj,n600,KEEP,DR_k1,20.2,11.11,28.96,0.0005,99,True
rung1_arith,n600,KEEP,ORACLE,0.0,-1.41,1.41,1.0,189,False
rung1_arith,n600,KEEP,PROSE,-0.71,-2.12,0.71,0.3845,189,False
rung1_arith,n600,KEEP,DR_k1,0.88,-0.71,2.47,0.303,189,False
causal,n600,PSEUDO,ORACLE,6.3,1.95,10.77,0.0055,291,True
causal,n600,PSEUDO,PROSE,6.56,2.74,10.39,0.0005,292,True
causal,n600,PSEUDO,DR_k1,-1.26,-5.42,2.8,0.553,292,False
backadj,n600,PSEUDO,ORACLE,43.77,36.36,51.18,0.0005,99,True
backadj,n600,PSEUDO,PROSE,26.26,19.53,33.33,0.0005,99,True
backadj,n600,PSEUDO,DR_k1,22.73,14.31,30.81,0.0005,99,True
rung1_arith,n600,PSEUDO,ORACLE,-0.35,-3.09,2.56,0.81,189,False
rung1_arith,n600,PSEUDO,PROSE,0.18,-2.03,2.56,0.898,189,False
rung1_arith,n600,PSEUDO,DR_k1,-0.18,-2.2,1.85,0.891,189,False
causal,price400,KEEP,ORACLE,-0.08,-4.63,4.55,0.9645,198,False
causal,price400,KEEP,PROSE,0.0,-3.45,3.62,1.0,198,False
causal,price400,KEEP,DR_k1,-5.16,-9.9,-0.17,0.0435,197,False
causal,price400,KEEP,DR_k2,-7.36,-12.1,-2.54,0.001,197,True
causal,price400,KEEP,DR_k3,-6.9,-11.87,-1.94,0.005,198,True
causal,price400,KEEP,ED_k1,-0.0,-4.06,4.23,0.9875,197,False
causal,price400,KEEP,ED_k2,-5.39,-9.85,-0.93,0.018,198,False
causal,price400,KEEP,ED_k3,-1.43,-5.3,2.44,0.4835,198,False
causal,price400,KEEP,FE_k1,-2.11,-6.69,2.7,0.401,142,False
causal,price400,KEEP,FE_k2,-1.45,-8.26,5.08,0.676,115,False
backadj,price400,KEEP,ORACLE,27.36,18.91,35.82,0.0005,67,True
backadj,price400,KEEP,PROSE,18.91,11.44,26.37,0.0005,67,True
backadj,price400,KEEP,DR_k1,-4.48,-15.92,6.97,0.451,67,False
backadj,price400,KEEP,DR_k2,-7.46,-19.9,4.98,0.245,67,False
backadj,price400,KEEP,DR_k3,-14.18,-24.38,-3.23,0.0135,67,True
backadj,price400,KEEP,ED_k1,8.96,-2.49,20.4,0.113,67,False
backadj,price400,KEEP,ED_k2,6.47,-5.97,18.91,0.316,67,False
backadj,price400,KEEP,ED_k3,-6.47,-17.16,4.23,0.22,67,False
backadj,price400,KEEP,FE_k1,17.39,2.9,31.88,0.02,46,True
backadj,price400,KEEP,FE_k2,9.91,-5.41,24.32,0.225,37,False
rung1_arith,price400,KEEP,ORACLE,0.0,-1.5,1.5,1.0,133,False
rung1_arith,price400,KEEP,PROSE,-1.0,-2.76,0.75,0.289,133,False
rung1_arith,price400,KEEP,DR_k1,0.25,-1.25,1.75,0.8315,133,False
rung1_arith,price400,KEEP,DR_k2,-0.25,-1.75,1.25,0.853,133,False
rung1_arith,price400,KEEP,DR_k3,0.75,-0.25,2.01,0.2485,133,False
rung1_arith,price400,KEEP,ED_k1,-0.25,-2.01,1.5,0.8535,133,False
rung1_arith,price400,KEEP,ED_k2,0.25,-1.25,1.75,0.85,133,False
rung1_arith,price400,KEEP,ED_k3,0.5,-1.25,2.26,0.637,133,False
rung1_arith,price400,KEEP,FE_k1,0.0,-2.11,2.11,1.0,95,False
rung1_arith,price400,KEEP,FE_k2,0.0,-2.19,2.19,1.0,76,False
causal,price400,PSEUDO,ORACLE,1.01,-4.55,6.48,0.703,198,False
causal,price400,PSEUDO,PROSE,1.17,-3.85,6.11,0.6565,199,False
causal,price400,PSEUDO,DR_k1,-0.5,-5.86,5.11,0.865,199,False
causal,price400,PSEUDO,DR_k2,-2.95,-7.66,1.68,0.2205,198,False
causal,price400,PSEUDO,DR_k3,-5.03,-9.8,-0.25,0.0395,199,False
causal,price400,PSEUDO,ED_k1,-0.67,-5.64,4.29,0.802,198,False
causal,price400,PSEUDO,ED_k2,-3.43,-7.79,0.84,0.1175,199,False
causal,price400,PSEUDO,ED_k3,-2.43,-6.7,1.59,0.251,199,False
causal,price400,PSEUDO,FE_k1,-1.28,-7.46,5.01,0.697,143,False
causal,price400,PSEUDO,FE_k2,-0.29,-8.04,7.31,0.916,114,False
backadj,price400,PSEUDO,ORACLE,33.33,24.88,41.79,0.0005,67,True
backadj,price400,PSEUDO,PROSE,18.91,10.45,27.36,0.0005,67,True
backadj,price400,PSEUDO,DR_k1,1.49,-10.95,13.93,0.8185,67,False
backadj,price400,PSEUDO,DR_k2,-8.46,-18.91,1.99,0.1165,67,False
backadj,price400,PSEUDO,DR_k3,-13.43,-23.4,-2.99,0.0095,67,True
backadj,price400,PSEUDO,ED_k1,15.92,6.47,25.37,0.003,67,True
backadj,price400,PSEUDO,ED_k2,9.45,-0.5,19.9,0.064,67,False
backadj,price400,PSEUDO,ED_k3,-1.49,-11.94,8.96,0.771,67,False
backadj,price400,PSEUDO,FE_k1,32.61,21.01,44.2,0.0005,46,True
backadj,price400,PSEUDO,FE_k2,20.72,5.41,35.14,0.0085,37,True
rung1_arith,price400,PSEUDO,ORACLE,0.38,-3.01,3.63,0.8135,133,False
rung1_arith,price400,PSEUDO,PROSE,0.88,-2.13,3.88,0.5605,133,False
rung1_arith,price400,PSEUDO,DR_k1,1.75,-1.5,5.01,0.27,133,False
rung1_arith,price400,PSEUDO,DR_k2,0.75,-2.26,3.76,0.6315,133,False
rung1_arith,price400,PSEUDO,DR_k3,0.13,-2.63,2.88,0.9335,133,False
rung1_arith,price400,PSEUDO,ED_k1,0.0,-3.38,3.51,0.9775,133,False
rung1_arith,price400,PSEUDO,ED_k2,0.38,-2.88,3.88,0.8305,133,False
rung1_arith,price400,PSEUDO,ED_k3,1.38,-1.01,3.76,0.2865,133,False
rung1_arith,price400,PSEUDO,FE_k1,-0.7,-5.26,4.04,0.78,95,False
rung1_arith,price400,PSEUDO,FE_k2,1.75,-3.95,7.46,0.5345,76,False
